millis_ms,date,time,lat,lon,mag_x,mag_y,mag_z,mag_total,heading_deg,front_dist_cm,mag_samples,was_moving,ir_temp_c
7649,,,,,-154.3,1432.4,2873.1,3214.1,96,999,5,0,18.47
9887,,,,,-386.5,1421.4,2833.9,3193.9,105,999,5,0,18.64
12291,,,,,-222.1,1327.9,2505.0,2843.9,99,999,5,0,18.64
14689,,,,,144.8,1214.1,2343.1,2643.0,83,999,5,0,18.7
17227,2026-07-23,09:41:14,46.770399,23.59123,98.0,1136.5,2239.5,2513.3,85,999,5,0,18.68
19803,2026-07-23,09:41:17,46.7704,23.59124,203.8,1042.0,2217.0,2458.1,79,999,5,0,18.74
22317,2026-07-23,09:41:19,46.770401,23.591247,-138.6,1071.5,2065.8,2331.3,97,406,5,0,18.78
24867,2026-07-23,09:41:22,46.770399,23.591254,-284.2,894.6,1841.3,2066.7,108,999,5,0,18.63
27218,2026-07-23,09:41:24,46.770398,23.591263,-157.9,837.2,1667.1,1872.2,101,395,5,0,18.59
29631,2026-07-23,09:41:26,46.770396,23.59127,3.3,795.2,1520.2,1715.6,90,268,5,0,18.7
31902,2026-07-23,09:41:29,46.770398,23.591278,105.2,742.3,1447.6,1630.2,82,999,5,0,18.73
34305,2026-07-23,09:41:31,46.770398,23.591284,37.0,714.0,1367.4,1543.0,87,328,5,0,18.67
36809,2026-07-23,09:41:34,46.770398,23.591292,-13.9,753.4,1426.1,1613.0,91,999,5,0,18.68
39213,2026-07-23,09:41:36,46.770397,23.591299,-22.3,702.4,1378.8,1547.6,92,135,5,0,18.84
41686,2026-07-23,09:41:39,46.770398,23.591307,-47.3,700.0,1400.7,1566.6,94,999,5,0,18.67
44076,2026-07-23,09:41:41,46.770396,23.591316,45.8,670.1,1375.3,1530.5,86,999,5,0,18.61
46578,2026-07-23,09:41:43,46.770398,23.591321,144.3,664.3,1345.7,1507.6,78,999,5,0,18.75
49063,2026-07-23,09:41:46,46.770397,23.591329,14.3,712.2,1369.5,1543.6,89,999,5,0,18.69
51585,2026-07-23,09:41:48,46.770398,23.591337,-95.2,699.4,1344.1,1518.2,98,999,5,0,18.66
53939,2026-07-23,09:41:51,46.770397,23.591345,-44.8,677.7,1366.4,1525.9,94,999,5,0,18.56
56463,2026-07-23,09:41:53,46.770398,23.591351,244.5,691.5,1350.9,1537.2,71,999,5,0,18.63
59082,2026-07-23,09:41:56,46.770399,23.59136,107.8,634.8,1310.7,1460.3,80,111,5,0,18.6
61327,2026-07-23,09:41:58,46.770399,23.591367,146.8,667.8,1323.6,1489.8,78,336,5,0,18.72
63930,2026-07-23,09:42:01,46.770401,23.591372,100.5,678.5,1290.5,1461.5,82,107,5,0,18.42
66418,2026-07-23,09:42:03,46.7704,23.591382,36.9,650.7,1338.6,1488.8,87,999,5,0,18.32
68758,2026-07-23,09:42:06,46.770401,23.59139,102.7,681.4,1337.9,1504.9,81,999,5,0,18.39
71362,2026-07-23,09:42:08,46.770401,23.591397,56.5,673.5,1390.4,1546.0,85,999,5,0,18.37
73790,2026-07-23,09:42:11,46.770401,23.591401,56.5,691.9,1359.1,1526.1,85,999,5,0,18.52
76238,2026-07-23,09:42:13,46.770401,23.591412,-61.8,666.2,1276.0,1440.8,95,999,5,0,18.44
78604,2026-07-23,09:42:15,46.7704,23.591419,-186.2,681.8,1343.5,1518.1,105,999,5,0,18.28
81138,2026-07-23,09:42:18,46.7704,23.591423,-197.0,668.2,1317.0,1489.9,106,999,5,0,18.3
83588,2026-07-23,09:42:20,46.770398,23.591434,-85.5,654.3,1350.0,1502.6,97,999,5,0,18.41
86123,2026-07-23,09:42:23,46.770399,23.591438,191.9,695.9,1405.9,1580.4,75,999,5,0,18.21
88373,2026-07-23,09:42:25,46.7704,23.591448,68.2,693.0,1343.3,1513.1,84,999,5,0,18.24
90801,2026-07-23,09:42:28,46.770401,23.591456,51.3,635.2,1281.6,1431.3,85,999,5,0,18.25
93448,2026-07-23,09:42:30,46.770401,23.591465,-73.6,630.5,1300.5,1447.2,97,999,5,0,18.31
95861,2026-07-23,09:42:33,46.770401,23.591468,-54.1,698.5,1379.2,1546.9,94,999,5,0,18.33
98255,2026-07-23,09:42:35,46.7704,23.591477,-131.5,631.2,1327.0,1475.3,102,383,5,0,18.24
100649,2026-07-23,09:42:38,46.770398,23.591487,-169.9,620.8,1322.6,1470.9,105,217,5,0,18.28
103262,2026-07-23,09:42:40,46.770398,23.591495,-15.6,681.5,1303.8,1471.3,91,999,5,0,18.34
105745,2026-07-23,09:42:43,46.770398,23.591501,76.3,636.4,1329.9,1476.3,83,999,5,0,18.43
108145,2026-07-23,09:42:45,46.770399,23.591508,75.8,666.9,1297.2,1460.6,84,999,5,0,18.47
110653,2026-07-23,09:42:48,46.7704,23.591516,-140.4,621.6,1280.9,1430.7,103,999,5,0,18.32
112948,2026-07-23,09:42:50,46.770398,23.591525,28.3,671.1,1315.0,1476.6,88,338,5,0,18.58
115600,2026-07-23,09:42:52,46.770399,23.591531,129.5,652.7,1314.2,1473.1,79,999,5,0,18.56
117960,2026-07-23,09:42:55,46.770399,23.591534,23.3,645.1,1285.3,1438.3,88,999,5,0,18.59
120378,2026-07-23,09:42:57,46.770399,23.591547,-15.2,669.3,1298.0,1460.5,91,999,5,0,18.59
122815,2026-07-23,09:43:00,46.770401,23.591552,157.6,663.6,1306.6,1473.9,77,999,5,0,18.67
125281,2026-07-23,09:43:02,46.770401,23.591559,123.8,686.0,1334.8,1505.8,80,999,5,0,18.63
127591,2026-07-23,09:43:04,46.770402,23.591568,-20.9,665.2,1302.7,1462.8,92,64,5,0,18.77
130010,2026-07-23,09:43:07,46.770401,23.591577,615.6,197.5,1299.1,1451.0,18,999,5,0,18.8
132612,2026-07-23,09:43:09,46.770417,23.591575,616.2,-193.8,1271.0,1425.7,-17,999,5,0,18.6
135039,2026-07-23,09:43:12,46.770417,23.591568,-25.5,-666.8,1278.5,1442.1,-92,999,5,0,18.76
137474,2026-07-23,09:43:14,46.770417,23.59156,-139.1,-634.7,1283.9,1438.9,-102,227,5,0,18.6
139949,2026-07-23,09:43:17,46.770415,23.591552,-109.0,-631.1,1290.0,1440.2,-100,999,5,0,18.47
142426,2026-07-23,09:43:19,46.770415,23.591545,-126.0,-645.7,1318.2,1473.2,-101,999,5,0,18.56
144848,2026-07-23,09:43:22,46.770413,23.591539,-97.4,-671.5,1332.0,1494.8,-98,381,5,0,18.5
147531,2026-07-23,09:43:24,46.770414,23.591531,-29.7,-649.8,1291.7,1446.3,-93,999,5,0,18.58
150033,2026-07-23,09:43:27,46.770413,23.591523,-77.1,-704.9,1413.5,1581.4,-96,999,5,0,18.47
152414,2026-07-23,09:43:29,46.770413,23.591516,-96.5,-676.5,1358.5,1520.7,-98,999,5,0,18.42
154897,2026-07-23,09:43:32,46.770411,23.591509,-201.3,-629.0,1286.4,1446.1,-108,298,5,0,18.35
157467,2026-07-23,09:43:34,46.77041,23.591502,-128.6,-662.2,1340.6,1500.8,-101,999,5,0,18.41
159940,2026-07-23,09:43:37,46.77041,23.591493,-79.2,-656.9,1307.8,1465.7,-97,299,5,0,18.29
162515,2026-07-23,09:43:39,46.77041,23.591486,-14.2,-730.1,1374.3,1556.2,-91,999,5,0,18.47
164948,2026-07-23,09:43:42,46.77041,23.591478,16.9,-679.7,1320.5,1485.2,-89,301,5,0,18.23
167442,2026-07-23,09:43:44,46.770412,23.59147,162.7,-639.0,1360.7,1512.1,-76,999,5,0,18.39
169944,2026-07-23,09:43:47,46.770413,23.591463,44.7,-697.9,1373.9,1541.6,-86,999,5,0,18.27
172314,2026-07-23,09:43:49,46.770412,23.591456,-154.7,-661.8,1297.5,1464.8,-103,999,5,0,18.43
174860,2026-07-23,09:43:52,46.77041,23.591449,-83.5,-664.2,1348.4,1505.5,-97,999,5,0,18.26
177389,2026-07-23,09:43:54,46.77041,23.59144,51.3,-668.0,1332.6,1491.5,-86,999,5,0,18.17
179878,2026-07-23,09:43:57,46.770412,23.591435,51.3,-732.0,1385.4,1567.7,-86,999,5,0,18.16
182326,2026-07-23,09:43:59,46.770411,23.591427,-45.3,-647.1,1232.9,1393.2,-94,999,5,0,18.46
184818,2026-07-23,09:44:02,46.770411,23.59142,78.6,-694.7,1287.5,1465.1,-84,999,5,0,18.4
187301,2026-07-23,09:44:04,46.770412,23.591413,111.0,-713.3,1361.1,1540.7,-81,167,5,0,18.08
189720,2026-07-23,09:44:07,46.770413,23.591404,102.7,-706.9,1352.5,1529.5,-82,999,5,0,18.4
192065,2026-07-23,09:44:09,46.770414,23.591395,-12.4,-653.6,1363.2,1511.8,-91,331,5,0,18.17
194491,2026-07-23,09:44:11,46.770414,23.591389,60.9,-679.3,1332.7,1497.1,-85,999,5,0,18.29
196849,2026-07-23,09:44:14,46.770414,23.591382,50.6,-720.7,1340.0,1522.4,-86,999,5,0,18.45
199398,2026-07-23,09:44:16,46.770414,23.591375,124.0,-647.9,1298.3,1456.3,-79,115,5,0,18.33
201954,2026-07-23,09:44:19,46.770415,23.591366,130.6,-660.5,1317.6,1479.7,-79,151,5,0,18.46
204270,2026-07-23,09:44:21,46.770416,23.591359,97.4,-677.2,1324.6,1490.9,-82,999,5,0,18.56
206787,2026-07-23,09:44:24,46.770416,23.591352,124.5,-688.6,1391.8,1557.8,-80,215,5,0,18.47
209173,2026-07-23,09:44:26,46.770418,23.591343,280.3,-633.8,1402.5,1564.4,-66,999,5,0,18.35
211712,2026-07-23,09:44:29,46.770421,23.591337,295.9,-724.3,1462.2,1658.4,-68,999,5,0,18.58
214165,2026-07-23,09:44:31,46.770421,23.591328,54.4,-768.3,1507.2,1692.6,-86,999,5,0,18.55
216453,2026-07-23,09:44:33,46.770422,23.59132,271.6,-775.4,1617.4,1814.1,-71,410,5,0,18.52
218796,2026-07-23,09:44:36,46.770425,23.59131,96.6,-987.6,1880.1,2125.9,-84,999,5,0,18.63
221093,2026-07-23,09:44:38,46.770423,23.591306,-510.7,-853.2,1914.0,2156.9,-121,318,5,0,18.59
223638,2026-07-23,09:44:40,46.77042,23.591299,-293.9,-958.2,1947.8,2190.6,-107,999,5,0,18.61
226032,2026-07-23,09:44:43,46.77042,23.591291,209.1,-1054.1,2095.6,2355.1,-79,999,5,0,18.81
228466,2026-07-23,09:44:45,46.770422,23.591284,162.0,-1148.8,2275.8,2554.5,-82,999,5,0,18.71
230924,2026-07-23,09:44:48,46.770422,23.591276,7.9,-1218.1,2435.4,2723.0,-90,999,5,0,18.77
233225,2026-07-23,09:44:50,46.770422,23.591268,-217.5,-1312.3,2721.0,3028.7,-99,999,5,0,18.74
235793,2026-07-23,09:44:53,46.77042,23.591261,-160.8,-1393.0,2760.6,3096.4,-97,999,5,0,18.56
238219,2026-07-23,09:44:55,46.77042,23.591256,119.9,-1422.3,2737.8,3087.5,-85,164,5,0,18.51
240705,2026-07-23,09:44:58,46.77042,23.591248,227.9,-1384.2,2726.8,3066.5,-81,378,5,0,18.77
243046,2026-07-23,09:45:00,46.770422,23.591241,144.6,-1389.3,2627.7,2975.9,-84,999,5,0,18.43
245540,2026-07-23,09:45:02,46.770421,23.591233,-206.3,-1385.3,2688.5,3031.4,-98,999,5,0,18.54
247900,2026-07-23,09:45:05,46.77042,23.591224,-275.4,-1282.1,2581.1,2895.1,-102,270,5,0,18.6
250461,2026-07-23,09:45:07,46.770419,23.591218,-351.4,-1239.7,2489.2,2802.9,-106,193,5,0,18.57
252988,2026-07-23,09:45:10,46.770418,23.59121,-68.2,-1184.0,2299.0,2586.9,-93,999,5,0,18.39
255367,2026-07-23,09:45:12,46.770418,23.591203,1066.1,-402.9,2152.8,2435.8,-21,999,5,0,18.44
257914,2026-07-23,09:45:15,46.770434,23.591202,791.2,174.7,1531.4,1732.6,12,999,5,0,18.43
260264,2026-07-23,09:45:17,46.770434,23.591208,50.5,821.3,1563.3,1766.6,86,999,5,0,18.32
262793,2026-07-23,09:45:20,46.770434,23.591216,-1.9,830.7,1677.4,1871.8,90,170,5,0,18.42
265229,2026-07-23,09:45:22,46.770435,23.591226,3.2,883.2,1780.6,1987.6,90,999,5,0,18.61
267721,2026-07-23,09:45:25,46.770435,23.591232,17.5,953.8,1896.9,2123.3,89,999,5,0,18.52
270301,2026-07-23,09:45:27,46.770435,23.591239,124.3,1065.4,2048.9,2312.7,83,999,5,0,18.52
272721,2026-07-23,09:45:30,46.770437,23.591247,134.8,1103.9,2186.7,2453.2,83,999,5,0,18.41
275063,2026-07-23,09:45:32,46.770437,23.591254,-47.4,1205.5,2433.3,2716.0,92,999,5,0,18.45
277507,2026-07-23,09:45:34,46.770437,23.591264,-161.5,1281.2,2494.1,2808.6,97,999,5,0,18.5
279999,2026-07-23,09:45:37,46.770436,23.591271,-76.1,1339.5,2632.3,2954.5,93,999,5,0,18.64
282496,2026-07-23,09:45:39,46.770435,23.591279,-28.5,1437.4,2746.9,3100.4,91,999,5,0,18.62
284873,2026-07-23,09:45:42,46.770436,23.591287,95.6,1510.0,2856.7,3232.7,86,999,5,0,18.48
287218,2026-07-23,09:45:44,46.770436,23.591292,-125.8,1373.0,2709.3,3039.9,95,999,5,0,18.47
289731,2026-07-23,09:45:47,46.770436,23.5913,-109.0,1328.6,2552.8,2879.9,95,999,5,0,18.64
292249,2026-07-23,09:45:49,46.770435,23.591307,226.2,1219.1,2356.5,2662.8,79,999,5,0,18.48
294618,2026-07-23,09:45:51,46.770436,23.591315,203.3,1207.7,2345.2,2645.7,80,999,5,0,18.44
297202,2026-07-23,09:45:54,46.770436,23.591321,-67.1,1189.6,2325.3,2612.8,93,999,5,0,18.4
299633,2026-07-23,09:45:56,46.770436,23.59133,225.5,1025.8,2077.1,2327.6,78,999,5,0,18.35
302146,2026-07-23,09:45:59,46.770436,23.591338,160.2,872.9,1825.9,2030.1,80,999,5,0,18.28
304513,2026-07-23,09:46:01,46.770437,23.591345,275.8,888.4,1737.8,1971.1,73,999,5,0,18.42
306805,2026-07-23,09:46:04,46.770439,23.591354,279.7,830.3,1720.5,1930.7,71,999,5,0,18.29
309417,2026-07-23,09:46:06,46.77044,23.591361,57.4,844.4,1721.0,1917.9,86,999,5,0,18.2
312150,2026-07-23,09:46:09,46.77044,23.591365,-131.4,830.2,1660.8,1861.4,99,999,5,0,18.5
314457,2026-07-23,09:46:11,46.770439,23.591372,-85.0,747.5,1484.0,1663.8,96,185,5,0,18.45
316833,2026-07-23,09:46:14,46.770439,23.591381,-28.7,764.5,1457.5,1646.1,92,999,5,0,18.47
319287,2026-07-23,09:46:16,46.770438,23.59139,3.5,693.4,1386.7,1550.4,90,999,5,0,18.18
321524,2026-07-23,09:46:18,46.770439,23.591396,16.6,709.6,1355.4,1530.0,89,999,5,0,18.29
323990,2026-07-23,09:46:21,46.770438,23.591405,-76.6,697.9,1342.0,1514.5,96,289,5,0,18.1
326320,2026-07-23,09:46:23,46.770438,23.59141,-115.6,672.3,1342.0,1505.5,100,999,5,0,18.15
328676,2026-07-23,09:46:26,46.770436,23.59142,-76.6,714.8,1398.8,1572.7,96,315,5,0,18.11
331081,2026-07-23,09:46:28,46.770436,23.591427,-224.2,617.5,1329.2,1482.7,110,113,5,0,18.03
333548,2026-07-23,09:46:30,46.770433,23.591436,-208.5,648.4,1325.6,1490.3,108,999,5,0,18.24
335965,2026-07-23,09:46:33,46.770434,23.591441,337.3,597.7,1288.3,1459.7,61,387,5,0,18.09
338445,2026-07-23,09:46:35,46.770437,23.591449,275.0,582.6,1318.3,1467.3,65,999,5,0,18.0
340822,2026-07-23,09:46:38,46.770438,23.591454,-33.3,671.0,1367.1,1523.3,93,999,5,0,18.06
343411,2026-07-23,09:46:40,46.770437,23.591466,-153.3,647.0,1327.7,1484.9,103,999,5,0,18.24
345932,2026-07-23,09:46:43,46.770435,23.591471,-29.9,652.0,1332.6,1483.8,93,999,5,0,18.38
348478,2026-07-23,09:46:45,46.770435,23.591479,-20.2,751.9,1427.9,1613.9,92,999,5,0,18.28
354405,2026-07-23,09:46:51,46.770435,23.591483,-107.2,749.7,1537.9,1714.3,98,18,5,0,18.1
356795,2026-07-23,09:46:54,46.770434,23.591492,-78.3,952.9,1837.7,2071.5,95,999,5,0,18.16
359312,2026-07-23,09:46:56,46.770434,23.591501,95.0,1162.9,2357.6,2630.5,85,297,5,0,18.37
361786,2026-07-23,09:46:59,46.770434,23.591508,111.5,1326.1,2677.1,2989.6,85,999,5,0,18.18
364352,2026-07-23,09:47:01,46.770434,23.591517,-138.2,1304.2,2670.9,2975.6,96,999,5,0,18.31
366942,2026-07-23,09:47:04,46.770433,23.59152,-322.2,1238.9,2478.4,2789.5,105,999,5,0,18.33
369330,2026-07-23,09:47:06,46.770433,23.591532,-214.2,913.2,1826.4,2053.2,103,999,5,0,18.35
371707,2026-07-23,09:47:09,46.770432,23.591539,-5.2,808.5,1587.8,1781.8,90,361,5,0,18.47
374197,2026-07-23,09:47:11,46.770433,23.591541,-47.6,828.4,1592.2,1795.4,93,999,5,0,18.5
376603,2026-07-23,09:47:13,46.770432,23.591553,-29.7,676.8,1322.6,1486.0,93,999,5,0,18.59
379030,2026-07-23,09:47:16,46.770432,23.591561,38.2,667.6,1279.6,1443.8,87,999,5,0,18.6
381476,2026-07-23,09:47:18,46.770434,23.591569,162.1,625.6,1271.0,1425.8,75,59,5,0,18.52
384020,2026-07-23,09:47:21,46.770435,23.591574,672.9,120.2,1313.7,1480.9,10,999,5,0,18.54
386366,2026-07-23,09:47:23,46.770452,23.591575,623.1,-174.2,1279.2,1433.5,-16,999,5,0,18.44
388817,2026-07-23,09:47:26,46.770452,23.591567,-71.9,-693.5,1276.8,1454.7,-96,999,5,0,18.42
391227,2026-07-23,09:47:28,46.770452,23.59156,157.8,-652.0,1267.1,1433.7,-76,255,5,0,18.39
393700,2026-07-23,09:47:31,46.770454,23.591552,65.4,-650.9,1315.6,1469.3,-84,999,5,0,18.52
396168,2026-07-23,09:47:33,46.770454,23.591545,-151.2,-662.9,1384.3,1542.3,-103,999,5,0,18.33
398315,2026-07-23,09:47:35,46.770451,23.591536,-281.8,-735.9,1542.6,1732.2,-111,999,5,0,18.3
400808,2026-07-23,09:47:38,46.770451,23.591528,66.9,-937.9,1883.2,2104.9,-86,999,5,0,18.3
403266,2026-07-23,09:47:40,46.770452,23.591523,146.1,-955.1,1951.4,2177.5,-81,371,5,0,18.19
405588,2026-07-23,09:47:42,46.770452,23.591515,-82.3,-1054.6,2175.9,2419.5,-94,999,5,0,18.13
408038,2026-07-23,09:47:45,46.770452,23.591508,-39.7,-1164.3,2133.1,2430.4,-92,999,5,0,18.43
410512,2026-07-23,09:47:47,46.770451,23.5915,-83.9,-991.5,2012.9,2245.4,-95,999,5,0,18.15
412937,2026-07-23,09:47:50,46.770451,23.591492,-287.2,-820.2,1681.8,1893.0,-109,999,5,0,18.08
415378,2026-07-23,09:47:52,46.770449,23.591489,-221.7,-867.5,1621.7,1852.5,-104,999,5,0,18.21
417855,2026-07-23,09:47:55,46.770448,23.591479,21.0,-744.0,1456.8,1636.0,-88,999,5,0,17.98
420123,2026-07-23,09:47:57,46.770449,23.591471,35.6,-661.2,1296.2,1455.6,-87,999,5,0,18.21
422540,2026-07-23,09:47:59,46.770449,23.591464,-143.6,-648.5,1310.7,1469.3,-102,999,5,0,17.9
425065,2026-07-23,09:48:02,46.770448,23.591459,-210.5,-631.2,1283.5,1445.7,-108,62,5,0,18.12
427499,2026-07-23,09:48:04,46.770446,23.591447,-16.8,-684.4,1342.3,1506.8,-91,999,5,0,18.02
430078,2026-07-23,09:48:07,46.770447,23.591442,26.2,-678.1,1336.7,1499.0,-88,999,5,0,18.13
432534,2026-07-23,09:48:09,46.770447,23.591436,77.1,-646.8,1337.2,1487.4,-83,999,5,0,18.08
435289,2026-07-23,09:48:12,46.770448,23.591429,108.0,-642.9,1312.3,1465.3,-80,999,5,0,18.05
437722,2026-07-23,09:48:15,46.770449,23.59142,53.4,-684.8,1400.0,1559.4,-86,999,5,0,18.18
440327,2026-07-23,09:48:17,46.77045,23.591411,5.0,-704.0,1378.4,1547.8,-90,999,5,0,18.13
442779,2026-07-23,09:48:20,46.770448,23.591403,-78.1,-718.3,1408.0,1582.5,-96,999,5,0,18.19
445284,2026-07-23,09:48:22,46.770448,23.591398,62.2,-717.1,1489.6,1654.3,-85,999,5,0,18.08
447751,2026-07-23,09:48:25,46.770449,23.591389,-209.2,-780.8,1600.1,1792.6,-105,999,5,0,18.01
450260,2026-07-23,09:48:27,46.770446,23.591382,-277.9,-755.5,1593.6,1785.3,-110,999,5,0,18.26
452675,2026-07-23,09:48:30,46.770445,23.591374,41.5,-827.7,1612.5,1813.0,-87,361,5,0,18.22
455089,2026-07-23,09:48:32,46.770447,23.591366,154.7,-915.1,1823.9,2046.4,-80,999,5,0,18.49
457533,2026-07-23,09:48:34,46.770446,23.59136,28.9,-1011.2,1846.9,2105.8,-88,999,5,0,18.41
459910,2026-07-23,09:48:37,46.770448,23.591352,154.8,-1130.4,2176.4,2457.3,-82,999,5,0,18.28
462390,2026-07-23,09:48:39,46.770448,23.591344,-9.4,-1254.2,2403.1,2710.7,-90,999,5,0,18.28
464707,2026-07-23,09:48:42,46.770448,23.591336,-361.0,-1208.8,2491.1,2792.3,-107,999,5,0,18.25
467194,2026-07-23,09:48:44,46.770446,23.591328,-368.4,-1228.3,2537.7,2843.2,-107,999,5,0,18.4
469661,2026-07-23,09:48:47,46.770446,23.591324,-314.1,-1371.4,2646.2,2996.9,-103,999,5,0,18.45
472156,2026-07-23,09:48:49,46.770444,23.591315,13.1,-1388.2,2787.7,3114.2,-89,350,5,0,18.55
474754,2026-07-23,09:48:52,46.770445,23.591308,258.1,-1423.2,2768.1,3123.2,-80,999,5,0,18.25
477151,2026-07-23,09:48:54,46.770445,23.5913,454.3,-1319.6,2655.0,2999.5,-71,999,5,0,18.56
479629,2026-07-23,09:48:56,46.770448,23.591292,285.0,-1281.5,2583.6,2898.0,-77,162,5,0,18.51
482076,2026-07-23,09:48:59,46.770448,23.591285,-33.5,-1283.9,2495.6,2806.7,-91,999,5,0,18.48
484406,2026-07-23,09:49:01,46.770448,23.591276,-53.7,-1249.3,2343.2,2656.0,-92,999,5,0,18.56
486950,2026-07-23,09:49:04,46.770448,23.591269,69.5,-1068.8,2199.7,2446.6,-86,999,5,0,18.64
493296,2026-07-23,09:49:10,46.770449,23.591262,269.7,-977.6,1908.8,2161.4,-75,17,5,0,18.51
495749,2026-07-23,09:49:13,46.770451,23.591252,231.5,-772.3,1629.4,1817.9,-73,999,5,0,18.47
498158,2026-07-23,09:49:15,46.770451,23.591249,6.5,-814.1,1547.8,1748.8,-90,999,5,0,18.37
500577,2026-07-23,09:49:17,46.770451,23.591243,123.9,-799.4,1549.7,1748.1,-81,999,5,0,18.38
505571,2026-07-23,09:49:22,46.770454,23.59123,36.3,-689.4,1349.3,1515.6,-87,16,5,0,18.46
508058,2026-07-23,09:49:25,46.770452,23.591223,-86.2,-666.4,1328.0,1488.4,-97,999,5,0,18.26
510584,2026-07-23,09:49:27,46.770452,23.591217,-50.3,-691.1,1354.9,1521.8,-94,999,5,0,18.33
512930,2026-07-23,09:49:30,46.770451,23.591211,4.0,-663.3,1340.6,1495.8,-90,999,5,0,18.47
515184,2026-07-23,09:49:32,46.770452,23.591202,609.6,-274.4,1328.1,1486.8,-24,999,5,0,18.29
517766,2026-07-23,09:49:35,46.770469,23.591202,654.7,140.1,1305.7,1467.4,12,999,5,0,18.26
520208,2026-07-23,09:49:37,46.770469,23.59121,32.5,670.2,1292.3,1456.1,87,999,5,0,18.37
522632,2026-07-23,09:49:39,46.770469,23.59122,-30.2,656.1,1289.1,1446.8,93,999,5,0,18.27
524962,2026-07-23,09:49:42,46.770469,23.591226,-185.0,630.5,1332.6,1485.8,106,999,5,0,18.26
527419,2026-07-23,09:49:44,46.770468,23.591234,32.0,677.9,1353.1,1513.7,87,999,5,0,18.5
529745,2026-07-23,09:49:47,46.770469,23.59124,142.2,652.1,1349.3,1505.4,78,999,5,0,18.31
532158,2026-07-23,09:49:49,46.770469,23.591245,-137.2,664.2,1353.5,1513.9,102,999,5,0,18.37
534516,2026-07-23,09:49:51,46.770467,23.591254,-183.4,669.1,1333.9,1503.5,105,999,5,0,18.41
536847,2026-07-23,09:49:54,46.770466,23.591261,-14.9,727.5,1444.7,1617.6,91,999,5,0,18.55
539377,2026-07-23,09:49:56,46.770466,23.591269,77.9,747.0,1484.4,1663.6,84,999,5,0,18.41
541753,2026-07-23,09:49:59,46.770467,23.591275,23.5,717.9,1424.9,1595.7,88,999,5,0,18.36
544171,2026-07-23,09:50:01,46.770465,23.591285,-104.0,827.3,1658.4,1856.2,97,999,5,0,18.56
546668,2026-07-23,09:50:04,46.770465,23.591293,90.4,895.1,1743.6,1962.0,84,999,5,0,18.46
549269,2026-07-23,09:50:06,46.770465,23.5913,53.4,1003.8,1947.3,2191.4,87,999,5,0,18.61
551736,2026-07-23,09:50:09,46.770466,23.591308,169.4,1009.6,2098.5,2334.9,80,999,5,0,18.36
554184,2026-07-23,09:50:11,46.770465,23.591317,-156.8,1136.3,2214.2,2493.7,98,345,5,0,18.38
556510,2026-07-23,09:50:13,46.770464,23.591321,-347.3,1104.5,2351.8,2621.4,107,114,5,0,18.49
558909,2026-07-23,09:50:16,46.770463,23.591329,-391.2,1292.9,2663.6,2986.6,107,999,5,0,18.52
561410,2026-07-23,09:50:18,46.770462,23.591337,254.7,1420.5,2777.5,3130.0,80,999,5,0,18.33
563987,2026-07-23,09:50:21,46.770465,23.591343,140.3,1368.5,2648.6,2984.6,84,999,5,0,18.19
570315,2026-07-23,09:50:27,46.770465,23.59135,-87.7,1356.1,2712.7,3034.1,94,18,5,0,18.18
572786,2026-07-23,09:50:30,46.770464,23.591361,-145.1,1321.4,2774.5,3076.5,96,999,5,0,18.11
575188,2026-07-23,09:50:32,46.770464,23.591368,19.6,1354.5,2719.0,3037.7,89,999,5,0,18.16
577621,2026-07-23,09:50:34,46.770464,23.591375,-44.3,1329.0,2581.0,2903.4,92,999,5,0,18.21
580046,2026-07-23,09:50:37,46.770463,23.591383,-119.1,1122.9,2253.1,2520.2,96,74,5,0,18.22
582604,2026-07-23,09:50:39,46.770463,23.591386,378.4,988.0,2138.2,2385.6,69,999,5,0,18.31
585097,2026-07-23,09:50:42,46.770465,23.591396,254.5,1028.8,2102.6,2354.6,76,999,5,0,18.28
587612,2026-07-23,09:50:44,46.770465,23.591404,186.4,960.5,2004.8,2230.8,79,999,5,0,18.36
589986,2026-07-23,09:50:47,46.770467,23.591412,88.2,907.9,1779.3,1999.4,84,999,5,0,18.88
592578,2026-07-23,09:50:49,46.770466,23.59142,-25.9,810.8,1619.1,1810.9,92,257,5,0,18.75
595106,2026-07-23,09:50:52,46.770466,23.591425,154.6,751.9,1574.2,1751.4,78,111,5,0,18.74
597496,2026-07-23,09:50:54,46.770467,23.591432,232.1,781.2,1558.6,1758.8,73,999,5,0,18.56
599919,2026-07-23,09:50:57,46.770468,23.59144,30.0,747.1,1474.5,1653.3,88,999,5,0,18.65
602252,2026-07-23,09:50:59,46.770468,23.591447,3.1,704.1,1433.6,1597.1,90,999,5,0,18.34
604638,2026-07-23,09:51:01,46.770468,23.591456,72.4,705.1,1382.1,1553.2,84,999,5,0,18.19
606997,2026-07-23,09:51:04,46.770469,23.591463,105.3,700.1,1373.8,1545.5,81,999,5,0,18.14
609493,2026-07-23,09:51:06,46.770469,23.59147,-40.5,658.4,1360.3,1511.8,94,999,5,0,17.97
611935,2026-07-23,09:51:09,46.770469,23.59148,-112.7,607.1,1282.6,1423.5,101,270,5,0,18.05
614446,2026-07-23,09:51:11,46.770467,23.591485,-181.5,631.3,1276.1,1435.2,106,310,5,0,18.02
617032,2026-07-23,09:51:14,46.770467,23.591494,-101.6,665.0,1341.8,1501.0,99,999,5,0,18.07
619459,2026-07-23,09:51:16,46.770465,23.591498,-87.2,699.6,1361.4,1533.1,97,999,5,0,18.09
621925,2026-07-23,09:51:19,46.770466,23.591508,136.7,685.2,1367.9,1536.0,79,999,5,0,18.11
624270,2026-07-23,09:51:21,46.770467,23.591513,32.0,692.9,1379.5,1544.0,87,999,5,0,18.24
626664,2026-07-23,09:51:24,46.770467,23.591522,-37.3,677.9,1348.6,1509.9,93,999,5,0,18.27
629203,2026-07-23,09:51:26,46.770466,23.591531,48.2,636.4,1338.6,1482.9,86,999,5,0,18.3
631577,2026-07-23,09:51:28,46.770467,23.591538,40.1,670.1,1317.7,1478.8,87,999,5,0,18.31
634051,2026-07-23,09:51:31,46.770468,23.591546,105.3,677.0,1283.4,1454.9,81,98,5,0,18.19
636580,2026-07-23,09:51:33,46.770468,23.59155,81.3,637.7,1262.3,1416.5,83,385,5,0,18.26
639045,2026-07-23,09:51:36,46.770469,23.591561,62.1,673.7,1299.7,1465.2,85,999,5,0,18.46
641573,2026-07-23,09:51:38,46.770468,23.591566,-58.1,679.7,1282.1,1452.3,95,360,5,0,18.38
643988,2026-07-23,09:51:41,46.770468,23.591575,587.4,203.2,1238.1,1385.4,19,262,5,0,18.2
646491,2026-07-23,09:51:43,46.770486,23.591574,671.5,-166.5,1343.5,1511.2,-14,999,5,0,18.36
648852,2026-07-23,09:51:46,46.770488,23.591567,190.2,-610.6,1296.5,1445.7,-73,999,5,0,18.39
651325,2026-07-23,09:51:48,46.770488,23.591562,77.2,-645.8,1316.2,1468.1,-83,999,5,0,18.33
653845,2026-07-23,09:51:51,46.77049,23.591551,80.7,-644.1,1316.1,1467.5,-83,383,5,0,18.2
656235,2026-07-23,09:51:53,46.77049,23.591546,-63.2,-670.0,1294.7,1459.1,-95,999,5,0,18.0
658644,2026-07-23,09:51:55,46.77049,23.591538,55.7,-655.0,1312.4,1467.8,-85,370,5,0,18.03
661071,2026-07-23,09:51:58,46.770491,23.591531,26.6,-655.5,1291.3,1448.4,-88,999,5,0,18.17
663409,2026-07-23,09:52:00,46.770491,23.591522,-89.2,-700.5,1336.8,1511.8,-97,999,5,0,18.11
665848,2026-07-23,09:52:03,46.770491,23.591515,-2.6,-697.1,1314.9,1488.2,-90,999,5,0,18.0
668316,2026-07-23,09:52:05,46.770491,23.591509,-21.5,-706.6,1352.4,1526.0,-92,999,5,0,18.16
670790,2026-07-23,09:52:08,46.77049,23.591501,-78.3,-678.3,1355.2,1517.5,-97,999,5,0,18.26
673130,2026-07-23,09:52:10,46.77049,23.591493,-92.9,-708.7,1452.6,1618.9,-97,999,5,0,18.07
675594,2026-07-23,09:52:12,46.77049,23.591485,-88.7,-757.9,1509.8,1691.7,-97,999,5,0,18.1
678065,2026-07-23,09:52:15,46.770489,23.591479,47.5,-784.2,1524.5,1715.0,-87,999,5,0,17.93
680606,2026-07-23,09:52:17,46.77049,23.591471,1.6,-879.6,1699.8,1913.9,-90,999,5,0,17.93
683155,2026-07-23,09:52:20,46.770489,23.591464,-270.0,-899.2,1871.5,2093.8,-107,999,5,0,18.04
685542,2026-07-23,09:52:22,46.770488,23.591456,-139.8,-997.0,1916.8,2165.1,-98,309,5,0,18.7
687927,2026-07-23,09:52:25,46.770487,23.591449,-151.1,-968.3,2063.3,2284.2,-99,999,5,0,19.18
690430,2026-07-23,09:52:27,46.770486,23.591442,29.6,-1049.1,2075.3,2325.6,-88,999,5,0,20.02
692749,2026-07-23,09:52:30,46.770486,23.591433,172.7,-1146.1,2249.8,2530.8,-81,999,5,0,21.04
695318,2026-07-23,09:52:32,46.770487,23.591426,125.1,-1323.7,2609.6,2928.8,-85,356,5,0,21.53
697780,2026-07-23,09:52:35,46.770487,23.591421,180.9,-1338.0,2714.0,3031.3,-82,999,5,0,21.72
700211,2026-07-23,09:52:37,46.770487,23.591412,86.1,-1403.8,2665.9,3014.1,-86,999,5,0,21.32
702685,2026-07-23,09:52:40,46.770488,23.591403,-29.8,-1385.1,2717.6,3050.4,-91,999,5,0,20.19
705236,2026-07-23,09:52:42,46.770487,23.591394,-288.3,-1388.7,2741.1,3086.3,-102,999,5,0,19.28
707656,2026-07-23,09:52:45,46.770487,23.591389,197.7,-1359.5,2830.2,3146.0,-82,999,5,0,18.86
710174,2026-07-23,09:52:47,46.770489,23.591381,314.9,-1244.7,2523.6,2831.4,-76,999,5,0,18.34
712711,2026-07-23,09:52:50,46.770489,23.591374,144.1,-1187.8,2256.5,2554.1,-83,999,5,0,18.23
714910,2026-07-23,09:52:52,46.770491,23.591367,65.9,-991.7,2024.2,2255.1,-86,999,5,0,18.3
717408,2026-07-23,09:52:54,46.77049,23.591359,-35.8,-974.7,1887.7,2124.8,-92,999,5,0,18.26
719891,2026-07-23,09:52:57,46.77049,23.591353,17.0,-869.1,1801.3,2000.1,-89,999,5,0,18.2
722338,2026-07-23,09:52:59,46.77049,23.591343,-64.1,-852.0,1659.3,1866.3,-94,175,5,0,18.38
724739,2026-07-23,09:53:02,46.77049,23.591338,-276.4,-750.5,1583.2,1773.8,-110,999,5,0,18.3
727318,2026-07-23,09:53:04,46.770487,23.591329,-302.5,-743.2,1534.8,1731.9,-112,999,5,0,18.2
729797,2026-07-23,09:53:07,46.770486,23.591319,-220.6,-716.4,1458.2,1639.6,-107,999,5,0,18.37
732163,2026-07-23,09:53:09,46.770484,23.591314,-221.0,-766.4,1517.9,1714.7,-106,999,5,0,18.48
734726,2026-07-23,09:53:12,46.770484,23.591309,84.7,-743.0,1385.9,1574.7,-83,999,5,0,18.5
737298,2026-07-23,09:53:14,46.770486,23.591298,195.4,-703.0,1382.2,1563.0,-74,999,5,0,18.5
739784,2026-07-23,09:53:17,46.770485,23.591291,43.1,-692.7,1356.3,1523.6,-86,126,5,0,18.51
742415,2026-07-23,09:53:19,46.770487,23.591284,-9.2,-715.6,1358.2,1535.2,-91,175,5,0,18.36
745024,2026-07-23,09:53:22,46.770486,23.591276,-50.2,-693.8,1373.6,1539.7,-94,999,5,0,18.38
747473,2026-07-23,09:53:24,46.770486,23.59127,-58.7,-677.7,1319.3,1484.3,-95,353,5,0,18.48
749969,2026-07-23,09:53:27,46.770484,23.591263,-110.4,-623.6,1251.5,1402.6,-100,999,5,0,18.39
752352,2026-07-23,09:53:29,46.770485,23.591255,-51.5,-679.0,1318.0,1483.5,-94,999,5,0,18.38
754675,2026-07-23,09:53:32,46.770485,23.591246,-152.6,-666.5,1293.8,1463.4,-103,999,5,0,18.53
757073,2026-07-23,09:53:34,46.770484,23.591239,-121.5,-650.4,1329.3,1484.9,-101,999,5,0,18.36
759552,2026-07-23,09:53:36,46.770483,23.591231,17.9,-683.3,1310.8,1478.3,-88,999,5,0,18.31
762082,2026-07-23,09:53:39,46.770482,23.591225,7.0,-634.7,1270.6,1420.4,-89,245,5,0,18.13
764542,2026-07-23,09:53:41,46.770483,23.591218,117.2,-634.9,1240.0,1398.0,-80,999,5,0,18.12
766868,2026-07-23,09:53:44,46.770484,23.591212,100.2,-617.7,1231.2,1381.2,-81,999,5,0,18.21
769297,2026-07-23,09:53:46,46.770485,23.591204,651.7,-181.4,1249.4,1420.8,-16,999,5,0,18.16
771809,2026-07-23,09:53:49,46.7705,23.591204,619.1,212.7,1303.6,1458.7,19,999,5,0,18.24
774256,2026-07-23,09:53:51,46.770498,23.591212,-184.3,647.6,1286.7,1452.2,106,999,5,0,18.34
776659,2026-07-23,09:53:54,46.770498,23.591219,-41.8,608.6,1306.3,1441.7,94,999,5,0,18.18
779022,2026-07-23,09:53:56,46.770498,23.591226,-53.7,633.5,1287.8,1436.2,95,999,5,0,18.37
781499,2026-07-23,09:53:58,46.770498,23.591233,51.1,638.9,1287.8,1438.5,85,999,5,0,18.49
783780,2026-07-23,09:54:01,46.770497,23.591242,56.3,647.0,1273.7,1429.8,85,180,5,0,18.43
786183,2026-07-23,09:54:03,46.770498,23.591249,19.3,671.7,1303.3,1466.4,88,215,5,0,18.24
788652,2026-07-23,09:54:06,46.770498,23.591255,-54.4,662.5,1261.0,1425.5,95,999,5,0,18.55
791219,2026-07-23,09:54:08,46.770497,23.591262,-89.9,639.4,1279.3,1433.0,98,999,5,0,18.7
793610,2026-07-23,09:54:10,46.770496,23.591272,-98.3,617.8,1246.1,1394.4,99,999,5,0,18.6
796142,2026-07-23,09:54:13,46.770496,23.591275,105.9,625.6,1282.7,1431.1,80,999,5,0,18.62
798601,2026-07-23,09:54:15,46.770498,23.591286,135.2,654.5,1319.2,1478.8,78,318,5,0,18.71
801052,2026-07-23,09:54:18,46.770498,23.591292,120.6,698.0,1325.6,1502.9,80,999,5,0,18.95
803496,2026-07-23,09:54:20,46.7705,23.591297,-0.3,625.1,1288.2,1431.8,90,999,5,0,19.12
805850,2026-07-23,09:54:23,46.770498,23.591306,-73.4,654.0,1284.3,1443.1,96,999,5,0,18.9
808113,2026-07-23,09:54:25,46.7705,23.591315,90.5,665.4,1306.0,1468.5,82,999,5,0,18.78
810503,2026-07-23,09:54:27,46.7705,23.59132,156.0,624.9,1321.7,1470.3,76,999,5,0,18.63
813015,2026-07-23,09:54:30,46.770501,23.591329,-8.3,714.2,1404.8,1576.0,91,999,5,0,18.67
815454,2026-07-23,09:54:32,46.7705,23.591336,-46.3,682.2,1384.4,1544.0,94,999,5,0,18.53
817865,2026-07-23,09:54:35,46.770501,23.591346,170.0,693.2,1407.0,1577.7,76,999,5,0,18.42
820334,2026-07-23,09:54:37,46.770502,23.591352,128.6,709.6,1398.7,1573.7,80,999,5,0,18.32
822685,2026-07-23,09:54:40,46.770501,23.591356,-64.3,720.6,1478.0,1645.6,95,999,5,0,18.29
825187,2026-07-23,09:54:42,46.770501,23.591367,20.9,839.7,1590.6,1798.8,89,999,5,0,18.26
827593,2026-07-23,09:54:44,46.770501,23.591375,280.2,865.1,1703.2,1930.7,72,245,5,0,18.27
830086,2026-07-23,09:54:47,46.770504,23.591383,182.4,861.6,1725.5,1937.2,78,999,5,0,18.44
832625,2026-07-23,09:54:49,46.770503,23.59139,-3.8,964.4,1849.0,2085.4,90,999,5,0,18.91
835158,2026-07-23,09:54:52,46.770503,23.591396,159.9,1015.3,2032.9,2277.9,81,258,5,0,18.97
837698,2026-07-23,09:54:55,46.770504,23.591403,-56.6,1106.5,2183.0,2448.1,93,999,5,0,19.42
844101,2026-07-23,09:55:01,46.770503,23.591412,-293.2,1184.2,2374.7,2669.7,104,23,5,0,20.14
846691,2026-07-23,09:55:04,46.770502,23.591418,-103.3,1278.7,2607.0,2905.5,95,999,5,0,20.58
849126,2026-07-23,09:55:06,46.770502,23.591429,-184.3,1313.8,2664.2,2976.2,98,999,5,0,20.36
851526,2026-07-23,09:55:08,46.770501,23.591434,-398.7,1311.4,2768.4,3089.1,107,204,5,0,20.23
854039,2026-07-23,09:55:11,46.7705,23.591439,-45.3,1405.0,2726.0,3067.0,92,316,5,0,19.93
856487,2026-07-23,09:55:13,46.770501,23.59145,164.8,1390.4,2666.9,3012.1,83,999,5,0,18.88
858866,2026-07-23,09:55:16,46.770502,23.591457,352.7,1270.7,2576.3,2894.2,74,999,5,0,18.5
861301,2026-07-23,09:55:18,46.770504,23.591464,229.1,1191.3,2502.4,2780.9,79,999,5,0,18.21
863861,2026-07-23,09:55:21,46.770504,23.591469,-206.2,1290.8,2355.3,2693.7,99,999,5,0,18.1
866228,2026-07-23,09:55:23,46.770503,23.591478,-72.4,1168.5,2235.4,2523.4,94,999,5,0,18.05
868667,2026-07-23,09:55:26,46.770502,23.591487,21.6,1026.8,1893.3,2153.9,89,999,5,0,18.09
871157,2026-07-23,09:55:28,46.770503,23.591494,26.2,949.9,1797.1,2032.9,88,999,5,0,17.97
873665,2026-07-23,09:55:31,46.770502,23.591498,-272.6,851.9,1750.5,1965.8,108,999,5,0,17.94
876163,2026-07-23,09:55:33,46.770501,23.591507,-216.1,776.8,1587.1,1780.2,106,999,5,0,18.32
878629,2026-07-23,09:55:35,46.770499,23.591515,-105.1,688.2,1440.2,1599.6,99,69,5,0,18.18
881101,2026-07-23,09:55:38,46.770499,23.591523,38.5,708.9,1379.9,1551.8,87,999,5,0,18.22
883559,2026-07-23,09:55:40,46.7705,23.591529,-111.8,666.3,1298.0,1463.3,100,999,5,0,18.28
886062,2026-07-23,09:55:43,46.770498,23.591536,-146.0,679.5,1321.0,1492.6,102,999,5,0,18.17
888643,2026-07-23,09:55:45,46.770498,23.591544,109.3,669.6,1277.0,1446.1,81,353,5,0,18.36
895044,2026-07-23,09:55:52,46.770499,23.591553,230.9,612.9,1370.8,1519.2,69,23,5,0,18.15
897531,2026-07-23,09:55:54,46.770501,23.591558,172.8,625.3,1297.1,1450.3,75,70,5,0,18.29
900082,2026-07-23,09:55:57,46.7705,23.591568,-27.0,639.8,1281.4,1432.5,92,999,5,0,18.21
902451,2026-07-23,09:55:59,46.770502,23.591577,599.2,218.9,1261.6,1413.7,20,999,5,0,18.47
904773,2026-07-23,09:56:02,46.770519,23.591577,683.8,-138.2,1347.6,1517.5,-11,999,5,0,18.68
907395,2026-07-23,09:56:04,46.770517,23.59157,-165.6,-618.2,1223.9,1381.2,-105,999,5,0,18.55
910079,2026-07-23,09:56:07,46.770515,23.591559,-27.7,-665.5,1330.6,1488.0,-92,999,5,0,18.52
912567,2026-07-23,09:56:09,46.770517,23.591553,167.5,-697.2,1412.6,1584.2,-76,999,5,0,18.34
915018,2026-07-23,09:56:12,46.770517,23.591544,73.2,-771.2,1539.3,1723.2,-85,999,5,0,18.35
917387,2026-07-23,09:56:14,46.770517,23.591538,-40.7,-802.0,1694.4,1875.1,-93,999,5,0,18.26
919880,2026-07-23,09:56:17,46.770516,23.591531,-115.0,-842.3,1753.6,1948.8,-98,999,5,0,18.33
922361,2026-07-23,09:56:19,46.770516,23.591523,99.3,-922.0,1801.2,2025.9,-84,999,5,0,18.23
924755,2026-07-23,09:56:22,46.770517,23.591513,-18.6,-1072.2,2130.9,2385.5,-91,207,5,0,18.18
927399,2026-07-23,09:56:24,46.770517,23.59151,288.1,-1071.4,2209.0,2472.0,-75,999,5,0,18.29
929838,2026-07-23,09:56:27,46.770519,23.591501,215.2,-1256.3,2511.3,2816.3,-80,54,5,0,18.05
932410,2026-07-23,09:56:29,46.770519,23.591493,168.5,-1315.7,2676.9,2987.5,-83,999,5,0,18.01
934941,2026-07-23,09:56:32,46.770519,23.591486,-219.4,-1321.7,2632.8,2954.1,-99,999,5,0,18.31
937337,2026-07-23,09:56:34,46.770518,23.591478,120.1,-1370.5,2672.8,3006.0,-85,999,5,0,18.16
939555,2026-07-23,09:56:36,46.77052,23.591472,142.0,-1428.7,2713.0,3069.4,-84,999,5,0,18.08
941969,2026-07-23,09:56:39,46.770519,23.591464,-109.6,-1293.6,2755.9,3046.4,-95,121,5,0,18.16
944409,2026-07-23,09:56:41,46.770518,23.591455,-141.2,-1263.7,2451.3,2761.5,-96,246,5,0,18.14
946800,2026-07-23,09:56:44,46.770518,23.591449,-322.6,-1121.9,2365.0,2637.4,-106,999,5,0,18.14
949286,2026-07-23,09:56:46,46.770515,23.59144,-167.5,-1194.4,2402.1,2687.9,-98,999,5,0,18.39
951729,2026-07-23,09:56:49,46.770516,23.591433,126.6,-1095.3,2209.5,2469.3,-83,999,5,0,18.62
954058,2026-07-23,09:56:51,46.770516,23.591427,182.9,-1002.9,1975.3,2222.9,-80,400,5,0,18.51
956307,2026-07-23,09:56:53,46.770517,23.591419,105.3,-896.0,1784.1,1999.2,-83,100,5,0,18.56
958656,2026-07-23,09:56:56,46.770517,23.591411,37.2,-826.1,1676.0,1868.9,-87,76,5,0,18.39
961284,2026-07-23,09:56:58,46.770518,23.591403,40.5,-793.0,1476.3,1676.2,-87,999,5,0,18.43
963737,2026-07-23,09:57:01,46.770518,23.591396,98.6,-716.4,1445.9,1616.7,-82,999,5,0,18.35
966302,2026-07-23,09:57:03,46.770518,23.591392,90.5,-752.6,1480.1,1663.0,-83,999,5,0,18.38
968661,2026-07-23,09:57:06,46.770518,23.59138,-52.9,-677.1,1349.7,1510.9,-94,244,5,0,18.18
971150,2026-07-23,09:57:08,46.770517,23.591374,-229.5,-629.2,1338.7,1497.0,-110,999,5,0,18.53
973568,2026-07-23,09:57:10,46.770516,23.591366,-8.9,-689.6,1367.2,1531.3,-91,999,5,0,18.42
976359,2026-07-23,09:57:13,46.770517,23.59136,24.9,-680.4,1371.1,1530.9,-88,94,5,0,18.53
978712,2026-07-23,09:57:16,46.770516,23.591353,-154.8,-646.2,1315.4,1473.7,-103,999,5,0,18.61
981245,2026-07-23,09:57:18,46.770515,23.591342,17.2,-668.1,1320.6,1480.0,-89,999,5,0,18.83
983928,2026-07-23,09:57:21,46.770516,23.591335,19.0,-652.7,1304.8,1459.1,-88,999,5,0,18.92
986271,2026-07-23,09:57:23,46.770516,23.591329,28.1,-667.8,1293.9,1456.3,-88,999,5,0,19.22
988556,2026-07-23,09:57:25,46.770516,23.591321,103.1,-654.5,1301.3,1460.2,-81,999,5,0,19.68
990897,2026-07-23,09:57:28,46.770517,23.591316,-41.6,-648.9,1319.5,1471.0,-94,999,5,0,19.72
993279,2026-07-23,09:57:30,46.770516,23.591309,-74.6,-631.3,1256.5,1408.1,-97,224,5,0,20.1
995654,2026-07-23,09:57:33,46.770516,23.591298,68.1,-680.1,1323.4,1489.5,-84,999,5,0,20.23
998031,2026-07-23,09:57:35,46.770517,23.591293,-160.3,-581.4,1185.8,1330.4,-105,349,5,0,20.15
1000474,2026-07-23,09:57:37,46.770515,23.591285,-119.7,-646.3,1318.3,1473.0,-100,999,5,0,19.82
1002940,2026-07-23,09:57:40,46.770516,23.591278,191.7,-603.9,1276.0,1424.6,-72,123,5,0,19.93
1005578,2026-07-23,09:57:42,46.770518,23.59127,185.2,-604.5,1287.2,1434.1,-73,999,5,0,19.73
1008098,2026-07-23,09:57:45,46.770518,23.591265,10.6,-675.2,1281.5,1448.5,-89,999,5,0,19.6
1010452,2026-07-23,09:57:47,46.770518,23.591253,112.6,-660.3,1276.3,1441.4,-80,999,5,0,19.11
1013002,2026-07-23,09:57:50,46.77052,23.591247,22.5,-655.7,1257.6,1418.4,-88,999,5,0,19.01
1015619,2026-07-23,09:57:52,46.770518,23.59124,-213.9,-583.7,1233.8,1381.6,-110,999,5,0,18.63
1017943,2026-07-23,09:57:55,46.770516,23.591235,-117.2,-643.3,1281.5,1438.6,-100,999,5,0,18.62
1020416,2026-07-23,09:57:57,46.770516,23.591225,52.2,-661.4,1306.8,1465.6,-85,999,5,0,18.57
1022929,2026-07-23,09:58:00,46.770517,23.591221,158.6,-591.8,1279.2,1418.4,-75,999,5,0,18.37
1025314,2026-07-23,09:58:02,46.770517,23.591211,65.5,-662.2,1297.1,1457.9,-84,999,5,0,18.52
1027841,2026-07-23,09:58:05,46.770518,23.591202,624.8,-243.3,1269.1,1435.3,-21,999,5,0,18.27
1030197,2026-07-23,09:58:07,46.770537,23.591201,586.5,240.6,1276.0,1424.8,22,999,5,0,18.49
1032731,2026-07-23,09:58:10,46.770535,23.591209,74.4,664.6,1316.3,1476.5,84,999,5,0,18.37
1035107,2026-07-23,09:58:12,46.770538,23.591216,63.3,654.8,1258.9,1420.5,84,999,5,0,18.72
1037588,2026-07-23,09:58:14,46.770535,23.591226,-165.7,649.6,1286.0,1450.3,104,999,5,0,18.73
1039977,2026-07-23,09:58:17,46.770534,23.591232,-188.9,671.9,1374.8,1541.8,106,999,5,0,18.76
1042305,2026-07-23,09:58:19,46.770532,23.591241,-62.4,623.8,1283.0,1427.9,96,999,5,0,18.92
1044758,2026-07-23,09:58:22,46.770533,23.591247,151.0,630.8,1265.6,1422.1,77,164,5,0,19.16
1047225,2026-07-23,09:58:24,46.770533,23.591253,94.0,649.9,1352.9,1503.8,82,999,5,0,19.41
1049701,2026-07-23,09:58:27,46.770534,23.591264,-92.2,698.1,1291.0,1470.5,98,999,5,0,20.08
1052234,2026-07-23,09:58:29,46.770533,23.591266,-12.3,627.9,1267.6,1414.6,91,999,5,0,19.94
1054654,2026-07-23,09:58:32,46.770534,23.591278,-7.9,660.9,1275.1,1436.2,91,999,5,0,20.9
1056922,2026-07-23,09:58:34,46.770532,23.591285,50.4,681.7,1285.9,1456.3,86,999,5,0,20.93
1059345,2026-07-23,09:58:36,46.770533,23.591291,-35.8,648.6,1268.6,1425.2,93,999,5,0,21.11
1061746,2026-07-23,09:58:39,46.770532,23.591302,-230.5,623.4,1277.2,1439.8,110,999,5,0,20.89
1064166,2026-07-23,09:58:41,46.770531,23.591305,-210.5,642.5,1314.8,1478.4,108,999,5,0,20.89
1066703,2026-07-23,09:58:44,46.77053,23.591313,-8.8,657.3,1285.9,1444.2,91,999,5,0,20.68
1069053,2026-07-23,09:58:46,46.770529,23.591319,-85.6,656.0,1348.3,1501.9,97,999,5,0,20.17
1071343,2026-07-23,09:58:48,46.77053,23.591329,134.5,648.4,1290.1,1450.1,78,999,5,0,19.73
1073710,2026-07-23,09:58:51,46.770531,23.591336,137.3,622.0,1265.3,1416.6,78,999,5,0,19.22
1076117,2026-07-23,09:58:53,46.770532,23.591345,136.0,656.7,1308.2,1470.1,78,999,5,0,19.13
1078498,2026-07-23,09:58:55,46.770533,23.591352,108.8,619.8,1289.8,1435.1,80,999,5,0,18.83
1080865,2026-07-23,09:58:58,46.770534,23.591358,198.3,669.6,1354.7,1524.1,74,999,5,0,18.68
1083397,2026-07-23,09:59:00,46.770537,23.591367,228.1,677.8,1332.7,1512.4,71,335,5,0,18.59
1085770,2026-07-23,09:59:03,46.770538,23.591374,35.3,666.1,1311.3,1471.2,87,268,5,0,18.5
1088271,2026-07-23,09:59:05,46.770538,23.591381,-97.0,648.5,1291.0,1447.9,99,999,5,0,18.39
1090813,2026-07-23,09:59:08,46.770537,23.591386,-141.3,632.8,1302.3,1454.8,103,999,5,0,18.32
1093332,2026-07-23,09:59:10,46.770536,23.591397,-109.9,617.8,1317.9,1459.7,100,999,5,0,18.4
1095773,2026-07-23,09:59:13,46.770535,23.591403,-68.6,688.0,1310.2,1481.4,96,257,5,0,18.28
1098415,2026-07-23,09:59:15,46.770534,23.591413,104.7,671.2,1322.3,1486.6,81,999,5,0,18.23
1100844,2026-07-23,09:59:18,46.770536,23.591418,4.3,709.0,1336.1,1512.6,90,999,5,0,18.22
1103297,2026-07-23,09:59:20,46.770535,23.591429,49.4,706.3,1413.6,1581.0,86,999,5,0,18.22
1105701,2026-07-23,09:59:23,46.770537,23.591435,32.2,730.8,1380.5,1562.4,87,385,5,0,18.17
1108217,2026-07-23,09:59:25,46.770536,23.591441,-143.7,703.9,1545.3,1704.1,102,999,5,0,18.46
1110604,2026-07-23,09:59:27,46.770536,23.591449,-71.2,756.2,1652.5,1818.7,95,999,5,0,18.25
1113041,2026-07-23,09:59:30,46.770535,23.591456,-250.3,840.0,1772.8,1977.6,107,999,5,0,18.19
1115522,2026-07-23,09:59:32,46.770533,23.591463,-178.9,986.7,1976.9,2216.7,100,999,5,0,18.14
1118084,2026-07-23,09:59:35,46.770534,23.591471,-102.1,1054.9,2100.1,2352.4,96,60,5,0,18.21
1120377,2026-07-23,09:59:37,46.770532,23.591477,-178.2,1151.9,2246.6,2531.0,99,999,5,0,18.25
1122807,2026-07-23,09:59:40,46.770531,23.591486,-134.5,1237.9,2626.1,2906.4,96,282,5,0,18.28
1125427,2026-07-23,09:59:42,46.770532,23.591492,-122.6,1348.9,2647.7,2974.0,95,999,5,0,18.13
1128066,2026-07-23,09:59:45,46.77053,23.5915,-113.8,1310.8,2737.1,3036.9,95,999,5,0,18.32
1130456,2026-07-23,09:59:47,46.770531,23.591509,-137.2,1351.7,2615.1,2947.0,96,999,5,0,18.25
1132882,2026-07-23,09:59:50,46.77053,23.591514,477.6,1216.2,2664.3,2967.5,69,255,5,0,18.28
1135353,2026-07-23,09:59:52,46.770534,23.591523,379.1,1353.7,2645.7,2996.0,74,999,5,0,18.46
1137624,2026-07-23,09:59:54,46.770534,23.591531,37.1,1314.9,2600.9,2914.6,88,999,5,0,18.5
1140156,2026-07-23,09:59:57,46.770534,23.591539,184.9,1150.8,2334.6,2609.4,81,999,5,0,18.4
1142669,2026-07-23,10:00:00,46.770536,23.591546,28.1,1178.0,2328.2,2609.4,89,999,5,0,18.39
1145130,2026-07-23,10:00:02,46.770534,23.591554,-65.9,1042.8,2120.3,2363.8,94,999,5,0,18.57
1147640,2026-07-23,10:00:04,46.770534,23.59156,74.0,985.1,2044.5,2270.6,86,999,5,0,18.73
1149985,2026-07-23,10:00:07,46.770535,23.591569,211.1,885.4,1809.7,2025.7,77,999,5,0,18.66
1152632,2026-07-23,10:00:09,46.770535,23.591576,793.0,220.3,1680.6,1871.3,16,384,5,0,18.53
1155074,2026-07-23,10:00:12,46.770552,23.591575,1235.9,-365.1,2462.7,2779.5,-16,377,5,0,18.71
1157482,2026-07-23,10:00:14,46.770552,23.591568,-134.0,-1352.2,2562.4,2900.5,-96,999,5,0,18.87
1159854,2026-07-23,10:00:17,46.770551,23.591559,-22.7,-1301.6,2647.0,2949.8,-91,48,5,0,18.53
1162344,2026-07-23,10:00:19,46.770552,23.591554,350.9,-1348.4,2732.0,3066.8,-75,999,5,0,18.55
1164819,2026-07-23,10:00:22,46.770553,23.591545,290.8,-1375.1,2714.1,3056.4,-78,999,5,0,18.48
1167167,2026-07-23,10:00:24,46.770554,23.59154,72.7,-1303.5,2620.3,2927.5,-87,999,5,0,18.55
1169706,2026-07-23,10:00:27,46.770553,23.591529,-376.4,-1120.8,2324.0,2607.4,-109,999,5,0,18.49
1172294,2026-07-23,10:00:29,46.77055,23.591522,-397.1,-1198.7,2270.0,2597.5,-108,999,5,0,18.32
1174698,2026-07-23,10:00:32,46.77055,23.591517,-6.5,-1170.4,2246.9,2533.5,-90,999,5,0,18.59
1177056,2026-07-23,10:00:34,46.77055,23.591506,35.8,-1029.5,2017.9,2265.6,-88,999,5,0,18.53
1179522,2026-07-23,10:00:36,46.770551,23.591504,33.2,-953.6,1897.9,2124.3,-88,999,5,0,18.41
1181948,2026-07-23,10:00:39,46.770551,23.591491,-101.7,-818.3,1580.9,1783.0,-97,999,5,0,18.45
1184532,2026-07-23,10:00:41,46.77055,23.591487,-86.2,-831.9,1666.7,1864.8,-96,999,5,0,18.26
1187063,2026-07-23,10:00:44,46.770549,23.591477,-52.2,-783.8,1565.0,1751.1,-94,999,5,0,18.2
1189400,2026-07-23,10:00:46,46.770549,23.591472,-210.3,-716.3,1454.7,1635.1,-106,999,5,0,18.16
1191755,2026-07-23,10:00:49,46.770547,23.591464,-148.8,-753.6,1462.9,1652.3,-101,999,5,0,18.4
1194138,2026-07-23,10:00:51,46.770547,23.591457,81.9,-708.6,1402.2,1573.3,-83,999,5,0,18.22
1196394,2026-07-23,10:00:53,46.770548,23.591449,256.8,-683.8,1401.9,1580.8,-69,999,5,0,18.14
1198813,2026-07-23,10:00:56,46.77055,23.591441,47.8,-656.5,1343.6,1496.2,-86,999,5,0,18.26
1201307,2026-07-23,10:00:58,46.770549,23.591436,-152.8,-622.9,1305.7,1454.7,-104,999,5,0,18.42
1203624,2026-07-23,10:01:00,46.770548,23.59143,-153.7,-663.8,1260.6,1432.9,-103,223,5,0,18.27
1205947,2026-07-23,10:01:03,46.770546,23.591418,-204.0,-632.1,1255.9,1420.7,-108,999,5,0,18.21
1208342,2026-07-23,10:01:05,46.770545,23.59141,59.9,-656.1,1290.7,1449.1,-85,999,5,0,18.35
1210792,2026-07-23,10:01:08,46.770546,23.591403,-9.6,-648.9,1309.8,1461.8,-91,999,5,0,18.41
1213155,2026-07-23,10:01:10,46.770545,23.591398,91.1,-632.6,1272.7,1424.1,-82,999,5,0,18.41
1215520,2026-07-23,10:01:12,46.770548,23.591388,135.8,-635.1,1301.4,1454.4,-78,215,5,0,18.63
1217968,2026-07-23,10:01:15,46.770547,23.591386,74.3,-658.5,1304.1,1462.8,-84,999,5,0,18.46
1220562,2026-07-23,10:01:17,46.770548,23.591373,51.2,-649.4,1288.7,1444.0,-85,999,5,0,18.53
1222953,2026-07-23,10:01:20,46.770548,23.591368,-70.0,-692.5,1308.2,1481.8,-96,999,5,0,18.52
1225302,2026-07-23,10:01:22,46.770547,23.591359,-39.9,-703.2,1267.1,1449.7,-93,999,5,0,18.63
1227722,2026-07-23,10:01:25,46.770547,23.591349,-38.2,-633.9,1291.3,1439.0,-93,999,5,0,18.67
1230017,2026-07-23,10:01:27,46.770547,23.591344,28.3,-681.2,1317.3,1483.3,-88,999,5,0,19.02
1232432,2026-07-23,10:01:29,46.770547,23.591339,-22.3,-674.6,1281.7,1448.5,-92,74,5,0,19.07
1234953,2026-07-23,10:01:32,46.770547,23.59133,-76.2,-675.3,1289.7,1457.8,-96,999,5,0,19.52
1241546,2026-07-23,10:01:38,46.770547,23.591323,-40.0,-676.8,1306.3,1471.7,-93,27,5,0,19.75
1244020,2026-07-23,10:01:41,46.770545,23.591314,-28.4,-667.4,1308.3,1468.9,-92,999,5,0,20.29
1246509,2026-07-23,10:01:43,46.770546,23.591306,78.3,-664.2,1316.7,1476.8,-83,999,5,0,20.75
1248910,2026-07-23,10:01:46,46.770546,23.591302,-2.4,-687.9,1392.5,1553.2,-90,999,5,0,20.62
1251299,2026-07-23,10:01:48,46.770546,23.591294,39.8,-697.1,1265.0,1444.8,-87,999,5,0,20.68
1253772,2026-07-23,10:01:51,46.770547,23.591284,129.7,-641.4,1307.7,1462.3,-79,999,5,0,20.55
1256184,2026-07-23,10:01:53,46.770548,23.591278,97.3,-645.4,1310.9,1464.4,-81,999,5,0,20.32
1258590,2026-07-23,10:01:55,46.770548,23.59127,77.0,-659.7,1303.3,1462.8,-83,999,5,0,19.94
1260998,2026-07-23,10:01:58,46.77055,23.591263,91.7,-678.8,1316.3,1483.8,-82,151,5,0,19.66
1267413,2026-07-23,10:02:04,46.77055,23.591255,206.7,-598.5,1231.2,1384.5,-71,13,5,0,19.39
1269870,2026-07-23,10:02:07,46.770554,23.591247,206.2,-635.1,1278.5,1442.3,-72,182,5,0,19.03
1272386,2026-07-23,10:02:09,46.770553,23.591238,-128.8,-618.9,1255.2,1405.4,-102,999,5,0,19.08
1274768,2026-07-23,10:02:12,46.770552,23.591232,-84.7,-653.3,1274.3,1434.5,-97,999,5,0,18.69
1277274,2026-07-23,10:02:14,46.770553,23.591224,76.6,-684.3,1318.0,1487.1,-84,999,5,0,18.62
1279615,2026-07-23,10:02:16,46.770552,23.591217,-69.6,-681.4,1286.4,1457.4,-96,999,5,0,18.63
1282049,2026-07-23,10:02:19,46.770551,23.591211,4.5,-660.2,1285.3,1444.9,-90,999,5,0,18.66
1284395,2026-07-23,10:02:21,46.770552,23.591201,571.6,-245.6,1257.5,1402.9,-23,999,5,0,18.49
1286801,2026-07-23,10:02:24,46.770569,23.591204,544.9,343.1,1295.1,1446.4,32,999,5,0,18.49
1289254,2026-07-23,10:02:26,46.770567,23.591212,-139.7,632.1,1292.2,1445.3,102,999,5,0,18.52
1291613,2026-07-23,10:02:28,46.770567,23.591218,-27.0,638.6,1286.2,1436.3,92,999,5,0,18.6
1294235,2026-07-23,10:02:31,46.770568,23.591225,-4.6,663.7,1283.6,1445.1,90,999,5,0,18.77
1296736,2026-07-23,10:02:34,46.770567,23.591235,10.8,636.8,1273.0,1423.4,89,48,5,0,18.7
1299163,2026-07-23,10:02:36,46.770567,23.59124,66.3,646.8,1255.9,1414.2,84,999,5,0,18.75
1301591,2026-07-23,10:02:38,46.770567,23.591249,101.4,612.2,1252.9,1398.1,81,999,5,0,18.9
1304075,2026-07-23,10:02:41,46.770569,23.591252,238.9,640.6,1301.5,1470.2,70,999,5,0,18.93
1306505,2026-07-23,10:02:43,46.77057,23.59126,-2.9,687.1,1365.5,1528.6,90,288,5,0,18.86
1308907,2026-07-23,10:02:46,46.770569,23.591269,52.5,649.9,1311.2,1464.4,85,91,5,0,18.88
1311374,2026-07-23,10:02:48,46.77057,23.591279,23.4,690.8,1326.8,1496.0,88,999,5,0,19.17
1313721,2026-07-23,10:02:51,46.77057,23.591286,38.1,659.1,1294.2,1452.8,87,999,5,0,19.1
1316300,2026-07-23,10:02:53,46.77057,23.591291,120.2,672.4,1291.2,1460.8,80,999,5,0,19.1
1318812,2026-07-23,10:02:56,46.770571,23.591299,-15.9,644.6,1292.1,1444.1,91,999,5,0,18.93
1321208,2026-07-23,10:02:58,46.77057,23.591305,46.2,679.8,1311.3,1477.8,86,999,5,0,19.16
1323617,2026-07-23,10:03:00,46.770571,23.591314,-51.8,671.4,1320.3,1482.2,94,999,5,0,18.98
1326219,2026-07-23,10:03:03,46.770569,23.591321,-75.9,638.1,1302.2,1452.1,97,382,5,0,18.91
1328633,2026-07-23,10:03:05,46.770569,23.591329,89.0,682.7,1294.0,1465.7,83,411,5,0,18.8
1331027,2026-07-23,10:03:08,46.77057,23.591338,-9.6,676.0,1332.2,1493.9,91,999,5,0,18.73
1333552,2026-07-23,10:03:10,46.770569,23.591345,49.9,697.5,1340.7,1512.1,86,999,5,0,18.54
1336042,2026-07-23,10:03:13,46.770571,23.59135,141.6,669.5,1304.9,1473.4,78,414,5,0,18.74
1338338,2026-07-23,10:03:15,46.77057,23.591358,-12.7,640.7,1335.5,1481.3,91,999,5,0,18.46
1340644,2026-07-23,10:03:17,46.770572,23.591365,152.9,654.7,1288.4,1453.3,77,999,5,0,18.65
1343047,2026-07-23,10:03:20,46.770572,23.591372,-57.5,732.0,1331.8,1520.8,94,347,5,0,18.64
1345395,2026-07-23,10:03:22,46.770571,23.591383,-6.8,671.1,1306.4,1468.7,91,999,5,0,18.49
1347771,2026-07-23,10:03:25,46.770571,23.591388,75.8,675.1,1303.5,1470.0,84,309,5,0,18.38
1350235,2026-07-23,10:03:27,46.770573,23.591398,254.1,636.0,1357.3,1520.3,68,999,5,0,18.34
1352572,2026-07-23,10:03:29,46.770574,23.591401,-51.3,672.3,1301.5,1465.8,94,999,5,0,18.46
1355078,2026-07-23,10:03:32,46.770573,23.591412,-46.7,664.2,1352.9,1507.8,94,374,5,0,18.31
1357563,2026-07-23,10:03:34,46.770573,23.591419,-27.5,669.7,1281.0,1445.8,92,999,5,0,18.16
1359990,2026-07-23,10:03:37,46.770573,23.591426,-54.1,702.8,1279.3,1460.7,94,999,5,0,18.3
1362404,2026-07-23,10:03:39,46.770573,23.591434,95.8,627.1,1289.0,1436.7,81,233,5,0,18.38
1364833,2026-07-23,10:03:42,46.770574,23.591441,-16.5,644.2,1276.7,1430.1,91,999,5,0,18.12
1367158,2026-07-23,10:03:44,46.770573,23.59145,102.2,650.2,1327.3,1481.5,81,999,5,0,18.39
1369645,2026-07-23,10:03:46,46.770575,23.591458,152.7,655.8,1284.6,1450.4,77,999,5,0,18.24
1372037,2026-07-23,10:03:49,46.770575,23.591462,-102.3,647.2,1309.0,1463.8,99,999,5,0,18.43
1374471,2026-07-23,10:03:51,46.770574,23.59147,-72.0,608.6,1251.9,1393.9,97,999,5,0,18.37
1376915,2026-07-23,10:03:54,46.770574,23.591477,-11.3,676.2,1338.8,1499.9,91,999,5,0,18.43
1379514,2026-07-23,10:03:56,46.770574,23.591486,-124.3,648.7,1285.5,1445.3,101,999,5,0,18.32
1382005,2026-07-23,10:03:59,46.770572,23.591495,-190.2,599.2,1297.8,1442.1,108,306,5,0,18.38
1384417,2026-07-23,10:04:01,46.770571,23.591501,-209.3,696.7,1379.4,1559.4,107,999,5,0,18.56
1387016,2026-07-23,10:04:04,46.77057,23.591508,-37.4,684.9,1345.6,1510.3,93,999,5,0,18.62
1389355,2026-07-23,10:04:06,46.770571,23.591516,-5.6,694.9,1354.1,1522.0,90,999,5,0,18.52
1391824,2026-07-23,10:04:09,46.77057,23.591524,43.4,789.1,1533.7,1725.3,87,999,5,0,18.45
1394348,2026-07-23,10:04:11,46.770572,23.591531,88.8,768.4,1600.8,1777.9,83,999,5,0,18.55
1396669,2026-07-23,10:04:14,46.770571,23.591537,-162.3,808.3,1605.8,1805.1,101,999,5,0,18.52
1399193,2026-07-23,10:04:16,46.77057,23.591545,-237.6,869.9,1901.1,2104.1,105,999,5,0,18.44
1401498,2026-07-23,10:04:18,46.770568,23.591553,-360.1,968.9,2045.1,2291.5,110,297,5,0,18.54
1404007,2026-07-23,10:04:21,46.770566,23.59156,-131.7,1249.6,2279.1,2602.5,96,999,5,0,18.69
1406476,2026-07-23,10:04:23,46.770567,23.591567,349.5,1200.1,2304.7,2621.8,74,999,5,0,18.7
1408960,2026-07-23,10:04:26,46.770569,23.591576,347.6,1089.8,2181.9,2463.6,72,344,5,0,18.56
